Price,Close,High,Low,Open,Volume
Ticker,TATACAP.NS,TATACAP.NS,TATACAP.NS,TATACAP.NS,TATACAP.NS
2025-10-13,329.9490051269531,332.4448372383522,325.70609053757477,329.4498387046733,117611923
2025-10-14,319.266845703125,331.3466797528964,318.5180960364041,329.94901980169107,28551748
2025-10-15,329.1503601074219,330.2485018933353,319.46651906168404,319.46651906168404,15881677
2025-10-16,334.5413513183594,335.43984480932977,329.1503599058354,329.4498475805918,19938421
2025-10-17,330.148681640625,336.08874374539755,328.85083067149037,334.5413400335182,7576158
2025-10-20,324.8075866699219,331.0970712025673,323.409926825634,330.198577764575,5691141
2025-10-21,329.3999328613281,330.797592744483,325.4565059552515,325.4565059552515,3052727
2025-10-23,324.5080871582031,329.4498470506433,323.90911180965395,329.00058507253004,9542377
2025-10-24,323.6095886230469,327.1536885357781,322.86083898233335,323.9590112153867,4136601
2025-10-27,328.3516845703125,329.8991188446442,324.35835297209235,324.4581923553883,5948900
2025-10-28,330.5480041503906,333.14367558637133,327.05383926606663,328.351659750707,6925054
2025-10-29,325.8558349609375,331.3466656159575,325.256829159777,331.3466656159575,6776721
2025-10-30,326.4049377441406,327.25349629392986,324.308432664195,324.8575035454351,2482953
2025-10-31,326.75433349609375,329.44984440976316,324.75766777239824,329.44984440976316,3745921
2025-11-03,328.2518310546875,330.9473419541163,324.7077616005319,325.05718419367287,4791323
2025-11-04,328.7510070800781,330.14869749344405,325.8558478048379,325.8558478048379,6353144
2025-11-06,325.90576171875,327.6029092350374,324.45816694110204,327.1037428243588,3528292
2025-11-07,322.311767578125,325.456509970698,319.7660005237938,324.5580164966344,5369467
2025-11-10,324.2085876464844,325.40659923324387,317.8192636060677,321.4631723546358,3851564
2025-11-11,325.1070861816406,325.70609198437734,320.6645232836366,323.4598430741402,3341820
2025-11-12,324.6578674316406,325.70610477757737,323.06052871716884,325.2069383334738,2278725
2025-11-13,323.2601623535156,326.9540060590307,322.41160381038696,324.45817395170985,3583700
2025-11-14,324.95733642578125,325.40659838632183,321.91243347851776,323.4598371795795,2102955
2025-11-17,324.45819091796875,325.15703613124214,323.90912001232687,324.45819091796875,2148716
2025-11-18,320.4149475097656,324.3583440748178,319.51642355145117,323.45985058320474,1522492
2025-11-19,319.7160949707031,322.8109328967027,317.41994160411997,321.8625045032397,4399133
2025-11-20,318.06884765625,320.91410233230914,317.2701631073964,320.41493591428826,2060273
2025-11-21,316.3716735839844,318.86750570513715,314.57468664343463,318.06885161304854,1648418
2025-11-24,318.5180969238281,323.21027370169963,315.97236023656507,316.27184791740706,3567815
2025-11-25,324.45819091796875,325.9556902606671,319.117103835671,319.117103835671,2021744
2025-11-26,324.0089111328125,327.3533322411589,323.06051321454737,325.4066014825934,2150276
2025-11-27,324.2585144042969,326.40495451710024,323.0605332018393,324.4082887129686,875769
2025-11-28,327.35333251953125,330.3483310429793,323.45984053238885,323.45984053238885,6654492
2025-12-01,322.4615173339844,327.15369401437925,321.5630238434219,326.45484881799655,1231244
2025-12-02,321.36334228515625,323.8591744409383,320.16536113040155,322.4116100706054,1073653
2025-12-03,321.96234130859375,322.81093031701073,319.3666698279595,320.51474650207643,1395851
2025-12-04,321.5130920410156,322.46152046435617,320.51475916032103,320.51475916032103,976548
2025-12-05,324.9074401855469,327.4531767817736,321.51308410164336,321.51308410164336,2089846
2025-12-08,322.4615173339844,327.25350292811845,320.96401802747977,325.8558430020544,1449370
2025-12-09,326.0555114746094,326.5047429723649,319.616252473143,322.51141161435794,1778391
2025-12-10,324.40826416015625,328.2518211688485,323.3100919576584,326.3050904371797,2158014
2025-12-11,325.50640869140625,326.2052538626429,322.86083277178227,322.86083277178227,864045
2025-12-12,324.0089111328125,326.9540051983788,323.1104176698822,325.0571788951482,906335
2025-12-15,322.2119445800781,323.45986070935805,320.76434968343244,322.4116233474439,657989
2025-12-16,325.65618896484375,328.75099643701435,321.4631787938952,321.51308324988474,2148243
2025-12-17,325.7060852050781,328.45150048266885,324.45816916980965,324.45816916980965,1310814
2025-12-18,323.90911865234375,325.4066179887546,322.0122617861951,324.4581895556803,653844
2025-12-19,323.4598388671875,324.5580110801384,321.61291702722923,323.4598388671875,836210
2025-12-22,329.4498291015625,331.4464947324811,323.5097366628999,323.5097366628999,4956599
2025-12-23,343.426513671875,347.7193329060927,328.6012641831063,329.4498532317406,12132606
2025-12-24,342.7276611328125,354.40816786606473,341.03051353854505,345.37326760432865,11070026
2025-12-26,337.9855651855469,347.41982255364036,336.9373279076254,342.7276460968394,3034410
2025-12-29,337.03717041015625,338.93399669893097,331.5463398303503,337.935663866239,5947294
2025-12-30,336.0887451171875,338.8341604322891,333.6428479346627,336.7376553710532,1680093
2025-12-31,341.28009033203125,344.4248327112723,334.44150422688756,334.5912480608132,4313176
2026-01-01,339.8824462890625,343.8757778690582,338.73433908645205,343.27677203871843,1314541
2026-01-02,358.5013427734375,361.19682326544734,339.4830831574214,339.4830831574214,10963849
2026-01-05,359.00048828125,362.54455760671436,352.41148557378267,359.399815316039,4930911
2026-01-06,360.9472351074219,362.3948299481653,355.4064998940684,359.0005043009442,4214770
2026-01-07,359.99884033203125,362.3948331354543,353.80916432871203,357.45307322419933,11493921
2026-01-08,353.90899658203125,363.89232511749054,352.41149730171236,358.4014944229879,5301211
2026-01-09,359.39984130859375,363.2933334960964,351.063755562679,352.4115110609266,4344338
2026-01-12,348.46807861328125,359.29999642465503,345.4730799815669,359.29999642465503,5979515
2026-01-13,348.0687561035156,356.30500244834303,347.02051875540025,351.5130167616697,2272648
2026-01-14,354.3083190917969,357.40315699148783,348.0687388370572,348.11867375911544,2607337
2026-01-15,354.3083190917969,354.3083190917969,354.3083190917969,354.3083190917969,0
2026-01-16,358.75091552734375,361.047068894297,353.4098286896821,354.2584177050173,3244454
2026-01-19,359.6494140625,364.49133454363516,356.55457609242484,358.4014979831714,2890545
2026-01-20,357.8524169921875,366.6876382110402,352.4613953083244,364.39148487658025,9019198
2026-01-21,357.802490234375,359.8989953296354,347.41983460391987,353.4098317522633,4215734
2026-01-22,357.60284423828125,361.2966575567835,354.9073333175435,358.40149834317333,4272878
2026-01-23,351.16357421875,359.3998200959488,349.41649175995025,359.3998200959488,2791829
2026-01-27,338.0355224609375,353.3100034828339,335.6894340773908,350.9140106414955,3398617
2026-01-28,337.8857727050781,341.6295209749673,333.69276245612167,338.4348435979813,2459261
2026-01-29,330.4980773925781,341.18025106090187,329.4498400880691,337.8857648467015,2198689
2026-01-30,341.5296630859375,343.725977005227,327.3034204313204,329.44982989639635,3524568
2026-02-02,330.34832763671875,334.9406647519937,327.25348976772693,333.04383846670845,2541479
2026-02-03,345.72265625,346.57124527193156,335.4398400078678,338.4348385793666,2677029
2026-02-04,348.2184753417969,349.01715987761605,341.8291513887428,345.4231556331794,1308910
2026-02-05,345.52301025390625,348.1685862496313,341.57958325522276,347.4198366017826,854324
2026-02-06,345.72265625,347.2201555357494,340.1320166232297,342.4281700080317,987442
2026-02-09,350.5645751953125,352.61117582373606,343.6760846037838,345.7226547655065,1812312
2026-02-10,354.3582458496094,357.65273196152833,349.7159738736784,350.56456286211204,2242653
2026-02-11,357.00384521484375,358.30166577664727,353.0105136810462,354.408173624535,3710205
2026-02-12,356.30499267578125,357.9522358062265,350.41483487800963,355.25675535641636,2369562
2026-02-13,352.71099853515625,356.40484242200915,349.51635156097456,355.30667014753647,1402451
2026-02-16,356.055419921875,356.8041695910504,347.0205194338391,351.313338683764,1843335
2026-02-17,354.6577453613281,357.40316070191545,353.2600854630966,356.10534018213633,1688522
2026-02-18,354.9073181152344,357.15356696406496,351.7625758202115,351.7625758202115,707387
2026-02-19,347.7193298339844,356.9040045144638,346.42150927697605,354.9073387549423,881802
2026-02-20,344.4248352050781,348.81749367667226,343.5762461844211,347.4198337720788,943494
2026-02-23,338.4847412109375,346.3216601907879,337.48640835915273,344.42483386573707,836437
2026-02-24,336.8874206542969,339.28341331728313,333.99223111704293,337.6361702656488,922459
2026-02-25,334.2917785644531,340.8308468904967,332.59460044317194,336.93735466328366,1065257
2026-02-26,333.74267578125,336.4381867938759,328.15203592302214,333.9423545476305,2779928
2026-02-27,333.0438537597656,335.0405195131614,330.0488551296719,333.44318081710446,2499099
2026-03-02,328.1020812988281,330.3982651075323,318.51807995532886,319.51641279388707,2294908
2026-03-04,319.06719970703125,325.90578613908815,318.51809833412034,324.45819125297095,2383939
2026-03-05,321.1636962890625,329.00058494089166,318.4681853548643,319.9656846590408,1725643
2026-03-06,317.9190979003906,323.45983285050175,316.67118187859086,321.812589795066,1370659
2026-03-09,310.6811828613281,314.4748353551228,308.4848384912157,312.977336139146,2091001
2026-03-10,321.1636962890625,323.2102664847565,313.4765210076094,313.4765210076094,1983815
2026-03-11,319.266845703125,321.8126128499973,317.46985868967556,321.8126128499973,2322117
2026-03-12,318.06884765625,319.0671804922918,313.0771834760411,318.4681746973267,1490019
2026-03-13,312.528076171875,317.8691628361086,311.0805118672601,316.47150298566334,1181308
2026-03-16,308.385009765625,314.37500683637217,302.89417911744016,312.57801990182827,1492228
2026-03-17,310.3816833496094,311.8791826553811,306.53809570478836,309.48318985948663,1418222
2026-03-18,323.5596923828125,324.6079297197478,309.1337700854164,311.3800190645935,2303353
2026-03-19,312.528076171875,319.0172394823066,311.8791659341718,318.46816861964226,743413
2026-03-20,316.57135009765625,318.2185931926073,309.03391886515226,313.5763515734905,3295475
2026-03-23,311.6296081542969,313.9257921007272,309.3833591328098,311.47986431287154,1680349
2026-03-24,326.20526123046875,327.45317730250576,313.52642175189254,315.47318301095066,1850274
2026-03-25,324.5580139160156,327.453173072401,320.5646825370839,324.657853293829,1747543
2026-03-27,319.7160949707031,325.45650885386175,314.7743351802602,319.6162555924385,11093034
2026-03-30,304.49151611328125,317.2701642749617,302.4948504338499,313.07718462817616,2491353
2026-04-01,305.3900146484375,313.6262607129019,304.54142562724337,310.9806847370505,2958821
2026-04-02,308.03558349609375,309.88250533084727,299.64959379058337,304.49151412492637,906030
2026-04-06,307.48651123046875,311.1803548832291,305.09051853499994,308.0355820995574,1783590
2026-04-07,307.935791015625,308.8342845200997,305.63960709674325,307.48652903003676,463978
2026-04-08,325.8558349609375,327.20359039687344,314.0255846381452,315.37334007408117,3710035
2026-04-09,325.60626220703125,329.4498498823321,322.31177589488857,325.85584542663906,1330907
2026-04-10,326.0555114746094,328.55134357336374,324.4581728380665,325.50641013286315,925839
2026-04-13,321.11376953125,325.45652371713504,318.46819345327015,322.711108256331,1183307
2026-04-15,331.69610595703125,333.3433491483533,323.3101156920901,327.053864066323,2913613
2026-04-16,335.3399963378906,338.8341612932622,331.84583138251907,333.1935868157882,1694951
2026-04-17,337.2867736816406,337.9855884260735,331.9456866156869,333.4431859538028,1705375
2026-04-20,334.4414978027344,338.03550208141723,332.5446715204768,337.4364962905201,1393635
2026-04-21,333.8924255371094,337.6860780857609,331.14701026811946,336.28841822397874,2542703
2026-04-22,336.78759765625,338.0355137358517,331.4465107422144,334.3916048767549,1510679
2026-04-23,340.03216552734375,343.2268122801741,335.73931610943123,338.3849224631203,5125903
2026-04-24,336.6378479003906,345.4231647596198,334.0421764071227,344.62451066939917,5986606
2026-04-27,332.9440002441406,340.98056737369836,331.04717395228164,337.38659354352365,2477665
2026-04-28,325.2568359375,334.2917666654147,324.55802121050135,333.0438505814514,1966358
2026-04-29,324.5580139160156,331.2468256957059,321.66285475963025,327.2035898612178,3303303
2026-04-30,332.5945739746094,334.3416564153085,323.2102515293369,324.45816755840775,2106765
2026-05-01,332.5945739746094,332.5945739746094,332.5945739746094,332.5945739746094,0
2026-05-04,327.7027587890625,336.13868357823355,325.8558369188457,334.3916010865934,1293570
2026-05-05,324.2585144042969,328.60126862162366,323.45986026932513,327.5030963360108,1028856
2026-05-06,327.95233154296875,328.75098561271005,323.9590002608626,324.45816667112587,943356
2026-05-07,325.2568359375,330.6478577935822,324.55802121050135,327.95234686554113,1176028
2026-05-08,321.1636962890625,325.20693222365844,320.56469047405164,325.20693222365844,1318431
2026-05-11,314.4249572753906,320.1653714181437,313.02726684988033,319.46652620538856,1288991
2026-05-12,308.9341125488281,316.421608922123,307.4865177299775,313.9257767976914,1064020
2026-05-13,304.8409423828125,311.47984975377557,304.04225782137206,309.4831840502257,3272410
2026-05-14,309.33343505859375,311.38000518393164,304.4915147148697,311.38000518393164,2929457
2026-05-15,307.4366149902344,313.07718952959453,306.53809104706295,311.2801721099527,1032213
2026-05-18,302.4449462890625,305.9391112316548,300.7477682731232,305.48984926664133,1564205
2026-05-19,302.2452697753906,304.8409412739034,301.09719309336595,302.59469236558095,1325391
2026-05-20,300.098876953125,301.8958639931493,297.5032053100991,301.64628076721806,1422312
2026-05-21,297.30352783203125,303.4932040486519,296.65461753513614,301.5963776166883,1712950
2026-05-22,299.20037841796875,301.9956983148636,296.3051886723325,300.3484551446684,3143267
2026-05-25,309.033935546875,311.23028010316926,302.79435495138245,304.29185429430066,3918772
2026-05-26,316.4715270996094,317.4698599926681,309.1337742422875,309.4831968481984,3041108
2026-05-27,309.88250732421875,316.47151015904046,309.2835015271076,316.47151015904046,1174071
2026-05-28,309.88250732421875,309.88250732421875,309.88250732421875,309.88250732421875,0
2026-05-29,305.3900146484375,313.2768381198572,300.8476123389587,309.8825125017817,2044700
2026-06-01,300.4482727050781,307.8858338929502,299.0505823914434,305.3900018567449,1744494
2026-06-02,300.24859619140625,300.9474413534278,295.5065152873026,299.5996859505005,1983203
2026-06-03,308.5846862792969,309.58301911716796,297.553090140801,300.2486009897331,2647388
2026-06-04,310.6811828613281,312.47816973382044,305.8891670901827,309.4831713018669,1979349
2026-06-05,314.2751770019531,316.4216170575112,311.97902357512083,312.478190012841,2310384
2026-06-08,312.0289306640625,316.1221015812328,307.98569467110633,311.3301159253809,2005870
2026-06-09,322.311767578125,324.3084332834667,310.48151718063525,310.48151718063525,2565174
2026-06-10,320.76434326171875,326.65453164736016,318.4681898164937,322.3117775110676,2360844
2026-06-11,320.81427001953125,322.91077511472304,317.56968823095144,319.4665145678579,1220092
2026-06-12,325.50640869140625,327.1536822426497,321.9124348584757,322.46150573108997,1478059
2026-06-15,340.13201904296875,341.42983957983733,327.9523459122122,328.45151234434644,4652662
2026-06-16,338.53466796875,348.16857366278157,332.69441483332463,344.4248255588807,5606287
2026-06-17,336.53802490234375,341.37994553506024,334.44151973009826,336.93735196689,2198764
2026-06-18,344.87408447265625,346.970559018968,334.44149432856295,337.4364927852367,3237903
2026-06-19,366.1884765625,379.3165778907453,342.0288399141394,344.9239990808118,47899182
2026-06-22,355.2567443847656,368.0853273701805,353.65940576011667,366.937220239942,5709147
2026-06-23,351.8624267578125,363.0936713710207,349.9156655048427,357.20348315606634,3735987
2026-06-24,353.4597473144531,355.40650863551383,346.72100031083033,354.4081757460882,6875382
2026-06-25,363.0437316894531,372.3781498500808,357.60283598372826,362.1452382255142,8404947
2026-06-26,363.0437316894531,363.0437316894531,363.0437316894531,363.0437316894531,0
2026-06-29,368.4846496582031,373.37647437891854,352.21180642530527,359.3998149101889,4392176
2026-06-30,365.28997802734375,372.1285640365807,356.2550780623644,372.1285640365807,2791900
2026-07-01,360.9472351074219,364.39149567790724,358.2018197290267,363.49300219286357,961482
2026-07-02,355.70599365234375,363.74259163206773,354.9073395334639,361.3465988087264,1466569
2026-07-03,348.8175048828125,358.8008337602067,346.4714165032845,357.4530782684181,2271509
2026-07-06,349.5662536621094,353.4098413634991,346.6710943883476,348.41817693746094,1151191
2026-07-07,352.0121765136719,355.30666280228087,347.4198392123522,347.4198392123522,1120058
2026-07-08,345.6727600097656,351.76259667656325,339.28343566538035,349.4165083131205,1706997
2026-07-09,355.2567443847656,358.0520641278762,345.42315989555505,345.42315989555505,1737896
2026-07-10,359.99884033203125,363.3931660091057,354.45807460324517,355.2567591821871,1795941
2026-07-13,360.3482666015625,361.49634332461534,353.4098408723318,356.40483952379225,1545492
2026-07-14,355.3066711425781,360.19849623343555,352.9605827466122,360.19849623343555,791479
2026-07-15,357.00384521484375,360.39817092523134,355.4065065079844,356.00551233139436,971496
2026-07-16,348.767578125,359.2001378548007,348.0188285070703,357.2534071282034,925359
2026-07-17,353.6094970703125,355.4563884141596,350.31498048392336,350.41481985927453,788117
2026-07-20,352.4114990234375,353.40983188186084,346.0720792791091,353.2101531234958,718398
2026-07-21,349.965576171875,354.2084908788322,348.66775562466273,352.36159943857666,525230
2026-07-22,346.77093505859375,350.4148440097997,343.32667440514996,349.9655820231064,840599
2026-07-23,340.8807678222656,346.4215030181522,339.48307744249144,343.42650443298083,494361
2026-07-24,341.3299865722656,342.77758135433936,335.0904064197063,339.1835770931252,900008
2026-07-27,350.54998779296875,352.29998779296875,342.6499938964844,343.1000061035156,939267
2026-07-28,354.95001220703125,357.95001220703125,348.45001220703125,353.0,2217141
2026-07-29,361.79998779296875,377.8999938964844,359.1000061035156,364.25,12164724
2026-07-30,360.8999938964844,362.75,355.25,361.04998779296875,1349416
2026-07-31,365.3999938964844,367.0,358.0,360.8999938964844,1720703
2026-08-03,364.75,370.45001220703125,359.8999938964844,365.3999938964844,1730931
2026-08-04,360.6000061035156,366.0,358.29998779296875,364.3999938964844,856801
2026-08-05,371.8999938964844,375.20001220703125,360.25,362.0,3016159
2026-08-06,382.70001220703125,390.20001220703125,371.04998779296875,375.0,7207122
2026-08-07,370.29998779296875,384.6499938964844,367.20001220703125,384.3999938964844,3710557
2026-08-10,367.8500061035156,372.6499938964844,362.8999938964844,372.0,1510579
2026-08-11,367.20001220703125,370.54998779296875,366.5,367.6000061035156,1019980
2026-08-12,367.04998779296875,370.5,364.79998779296875,367.20001220703125,1040104
2026-08-13,363.75,367.6000061035156,363.0,365.25,1584671
2026-08-14,364.20001220703125,366.25,361.29998779296875,363.04998779296875,902119
2026-08-17,359.25,364.6000061035156,358.0,363.29998779296875,605981
2026-08-18,363.1499938964844,363.8999938964844,355.1000061035156,357.5,854053
2026-08-19,365.54998779296875,370.0,361.3500061035156,363.1499938964844,1399819
2026-08-20,366.1499938964844,372.3999938964844,363.5,365.0,1117288
2026-08-21,365.04998779296875,366.95001220703125,361.0,366.0,941923
2026-08-24,364.45001220703125,366.29998779296875,361.6499938964844,361.6499938964844,1161993
2026-08-25,363.75,364.45001220703125,360.5,363.54998779296875,376228
2026-08-26,370.6499938964844,372.0,364.1000061035156,364.1000061035156,1412637
2026-08-27,376.0,378.0,372.0,372.6499938964844,1550014
2026-08-28,375.70001220703125,377.75,372.8999938964844,376.1000061035156,1158290
2026-08-31,367.8999938964844,373.6000061035156,366.6000061035156,371.0,545009
2026-09-01,367.8500061035156,369.5,363.3500061035156,367.8999938964844,1012096
2026-09-02,364.75,367.6499938964844,361.20001220703125,365.0,695696
2026-09-03,371.8500061035156,372.79998779296875,364.75,364.8500061035156,768452
2026-09-04,375.04998779296875,376.8500061035156,371.29998779296875,371.8500061035156,1331842
2026-09-07,,,,,934242
